,comment
0,Ná»• Ä‘á»‹a chá»‰ Ä‘i bá»‘ chá»“ng...con khÃ´ng láº¥y Ä‘Æ°á»£c con trai bá»‘ thÃ¬ con láº¥y bá»‘ cÅ©ng Ä‘c áº¡..
1," ha ha , cháº¿t cÆ°á»i , con Ä‘áº¿n ngay Ä‘Ã¢y bá»‘ ."
2, Beo La ah
3,báº¡n nÃ o chÆ°a Ä‘Äƒng kÃ½ tÃ i khoáº£n ngÃ¢n hÃ ng OCB (18t) chá»§ Ä‘á»™ng nháº¯n tin mÃ¬nh tráº£ cÃ´ng 150k bank ATM
4,Con dÃ¢u cá»§a bá»‘ Ä‘Ã´ la Ä‘Ã¢y áº¡..Ä‘ang táº­p hÃ¡t Ä‘á»ƒ xem bá»‘ cÃ³ thÃ­ch khÃ´ng
5, trÃºng tuyá»ƒn r kÃ¬a
6, trÃºng thÃ¬ em Ä‘i cho chÃ¡u nÃ³ 200k uá»‘ng sá»¯a ğŸ¤£ğŸ¤£
7, á»§a nÃ³ hÃ¡t tiáº¿ng thÃ¡i hÃ£ :))
8, Tháº£m hoáº¡ Ã¢m nháº¡c :))
9,  :)))
10, bá»‘ chá»‘t nhÃ¡-))
11, cÃ³ tÆ°Æ¡ng lai vÃ o sÃ¢ubÃ­t ğŸ¤£ğŸ¤£ğŸ¤£
12,
13,cÃº sá»‘c Ä‘áº§u Ä‘á»i
14,
15, tÆ°á»Ÿng bim hÃ¡t ná»¯a chá»©
16, tui chá»› ai bÃ . hÃ¡t báº±ng cáº£ Ä‘am mÃª
17, tháº¥y con nÃ o wen wen Ã 
18, jz mÃ¡ :)) mÃ¡ áº£o hÃ£ mÃ¡
19, á»¥ mÃ¡ Ä‘á»‹nh tag con lchi mÃ  nháº§m áº¡
20,  vÃ´ dáº¯c Ny vá» tá»
21,HÃ¬nh áº£nh chá»‹ em khi biáº¿t tin
22, kÃªu thanh niÃªn Ã¡o xanh ra chá»— khÃ¡c coi. NÃ³ vÃ o kill Ä‘á»“ng Ä‘á»™i kia
23, Ã´ng Ä‘áº¥y lÃ  Bot nÃªn ko sao
24,
25," sao mÃ y Ä‘Æ°a tin vÃ  hÃ¬nh áº£nh nÃ y lÃªn mÃ y ngu tháº¿ háº£ cu,. LÃ m chÃ³ gÃ¬ mÃ y pháº£i tá»± háº¡ tháº¥p máº¥y Ä‘á»©a con gÃ¡i VN tháº¿ háº£, nÃ³ tÆ°á»Ÿng con nÃ³ ngon láº¯m sao,. CÅ©ng chá»‰ lÃ  dÃ¢n Ä‘en nhÆ° chÃºng ta thÃ´i chá»© cÃ³ pháº£i lÃ  Ã´ng tÆ°á»›ng gÃ¬ Ä‘Ã¢u, nÃ³ tÆ°á»Ÿng nhÃ  nÃ³ cÃ³ hÃ ng nghÃ¬n tá»· thÃ¬ nÃ³ thÃ­ch gÃ¬ thÃ¬ lÃ m Ã , Ä‘á»‹nh Ä‘i mua dÃ¢u: NGU"
26,"Nay kÃ¨o cÄƒng qÃ¡ ae :)) NÃªn theo SGB hay Gam nhá»…, cÃ³ tÃ­ vá»‘n gáº­p thá»‡p DK DRX gá»¡ láº¡i U19 hqa thuiiğŸ˜€ğŸ˜€ğŸ˜€"
27, cÅ©ng Ä‘Ã´ng Ä‘áº¥y nhÆ°ng khoan Ä‘Ã£ cÃ¡i Ä‘Ã©o gÃ¬ Ä‘Ã¢y Ã´ng
28,báº¡n nÃ o chÆ°a Ä‘Äƒng kÃ½ tÃ i khoáº£n ngÃ¢n hÃ ng OCB (18+) chá»§ Ä‘á»™ng nháº¯n tin mÃ¬nh tráº£ cÃ´ng 150k bank ATM
29, á»”ng kiá»ƒu : tháº¥y Ä‘Ã´ng nÃªn láº¡i chá»© biáº¿t j Ä‘Ã¢uğŸ˜‚
30, =)))
31,MÃ¬nh á»©ng tuyá»ƒn áº¡
32, tuyá»ƒn dÃ¢u chá»© hÃ´ng tuyá»ƒn rá»… ğŸ˜‚
33,báº¡n nÃ o chÆ°a Ä‘Äƒng kÃ½ tÃ i khoáº£n ngÃ¢n hÃ ng OCB (18+) chá»§ Ä‘á»™ng nháº¯n tin mÃ¬nh tráº£ cÃ´ng 150k bank ATM
34,
35," Ä‘Ã¢u sao !! Thá»i buá»•i 4.0 , rÆ°á»›c vá» tá»‘i tá»‘i luáº­n kiáº¿m Hoa SÆ¡n cÅ©ng Ä‘c mÃ  !!"
36, Thá»‹ Nhá»¥c Kiáº¿m PhÃ¡p
37, E top(cÃ´ng) hay bot (thá»¥)
38," tr Ã´g ná»™i, ng ta dá»¡n mÃ  dÃ´ tÆ°á»Ÿng thiá»‡c Ã  =)))"
39, vÃ£i
40, tuyá»ƒn vá» Ä‘áº¥u kiáº¿m hÃ£
41,Khum biáº¿t chÃ¡u bÃ© cÃ³ báº±ng mÃ¡y bay chÆ°a nhá»‰? ğŸ˜…
42,
43,"Nay kÃ¨o cÄƒng qÃ¡ ae :)) NÃªn theo SGB hay Gam nhá»…, cÃ³ tÃ­ vá»‘n gáº­p thá»‡p DK DRX gá»¡ láº¡i U19 hqa thuiiğŸ˜—ğŸ˜—"
44, chÃ¡u nÃ³ k cÃ³ báº±ng mÃ¡y bay mÃ  chÃ¡u nÃ³ cÃ³ báº±ng Lamborghini
45,báº¡n nÃ o chÆ°a Ä‘Äƒng kÃ½ tÃ i khoáº£n ngÃ¢n hÃ ng OCB (18+) chá»§ Ä‘á»™ng nháº¯n tin mÃ¬nh tráº£ cÃ´ng 150k bank ATM
46,"ChÃº thÃ¬ há»£p tuá»•i vá»›i chÃ¡u vÃ¬ chÃº tuá»•i ngá» cÆ¡ mÃ  chÃº yÃªu cÃ´  rá»“i, náº¿u chÃ¡u cáº§n thÃªm cha thÃ¬ chÃº xin lÃ m cha nuÃ´i nhÃ© <3"
47, chÃº ranh ma quÃ¡
48,Em á»©ng tuyá»ƒn ğŸ¥°
49, tháº­t lÃ  vÃ£i lol
50, vÃ£i Ã²;))
51, háº¿t cÆ¡ há»™i rá»“i  
52, em láº¡y anh
53, háº¿t cÆ¡ há»™i r :(
54, thÃ´i lÃ m máº¹ cá»§a Ã´ Ãºc viá»‡t cÅ©ng Ä‘c
55," chuáº©n bá»‹ Ä‘i, cÆ°á»›i Ä‘áº¡i gia xong t sáº½ chuáº©n bá»‹ cho báº¡n 1 Ä‘Ã¡m giá»— tháº­t to"
56, Ãºc lá» á»©ng tuyá»ƒn
57, cÆ°á»i tÆ°Æ¡i tháº¿ :))
58, vÃ£i Ã²
59, bá» Ä‘i idol kÃ¨o nÃ y khÃ³ ğŸ¤£ğŸ¤£ğŸ¤£
60,Con cÃ³ dk k :)))
61, ko
62, cháº³ng láº½ crush cá»§a chá»‹....ğŸ˜¶
63, con hÆ¡i lá»›n
64,"Chá»‹ sinh nÄƒm 94, ká»ƒ ra cÅ©ng khÃ´ng cÃ¡ch nhau bao nhiÃªu tuá»•i, e cÃ³ nhu cáº§u khum?"
65, cÃ³ gáº§n 2 giÃ¡p chá»© nhiÃªu :))) dÆ° sá»©c ğŸ§
66, 16 nÄƒm báº£o gáº§n 2 giÃ¡p chá»‹u
67, hÆ¡n 16 nÄƒm thÃ¬ bt rá»“i nma phÃ³ng Ä‘áº¡i tÃ­ nghe cho nÃ³ to ğŸ™ƒ
68, Nghá»‡ thuáº­t phÃ³ng Ä‘áº¡i oÃ¡ch =))))))) Vui tai hÆ¡n lÃ  cÃ¡ch 16 tuá»•i
69, =))
70,Kb em nÃ³ chÆ¡i bÃª Ä‘Ãª k ta. ğŸ¤”
71, Ä‘cmm khÃ´ng tháº¥y tá»Ÿm Ã 
72, nhÃ¬n mÃ y giá»‘ng ngÆ°á»i khÃ´ng ? Hay giá»‘ng ngá»£m ?
73, cÃ¡i gÃ¬ cÅ©ng hay
74, tÃ¡t bá» máº¹ m bÃ¢y giá». Cbi mÃ  vá» nhÃ  bá»‘ chÆ¡i Ä‘i con zai
75, Chá» bá»‘ mÃ iii
76, cho há»i sao tá»Ÿm
77," Báº¡n thÃ¢n tÃ´i, nÃ³ lÃ m gÃ¬ tÃ´i cÅ©ng tháº¥y tá»Ÿm, cÃ³ Ä‘Æ°á»£c khonggg ?"
78, báº¡n ko thÃ­ch cÃ³ thá»ƒ lÆ°á»›t mÃ  sao láº¡i bÃ¬nh luáº­n nhÆ° tháº¿
79, Ä‘Ãºng báº¡n áº¡
80,Em cÃ³ chÆ¡i gay k?
81, a xin m ğŸ¤§ğŸ¤§
82, táº¡i nhÃ  nÃ³ giÃ u quÃ¡ anh Æ¡i
83, vÃ£ quÃ¡ háº£ bro
84,báº¡n nÃ o chÆ°a Ä‘Äƒng kÃ½ tÃ i khoáº£n ngÃ¢n hÃ ng OCB (18t) chá»§ Ä‘á»™ng nháº¯n tin mÃ¬nh tráº£ cÃ´ng 150k bank ATM
85, :)) tha
86,Báº¡n top hay bot
87, Em bot nÃ¨ anh
88,May mÃ  chá»‹ tuá»•i mÃ£o nha ğŸ¤­
89, chá»‹ Ä‘á»ƒ e nhá»›n Ä‘Ã£ chá»‹ â˜ºï¸â˜ºï¸
90,CÃ´ á»©ng tuyá»ƒn nhÃ¡
91, cÃ´ tha cho e nÃ³ Ä‘i
92,"Nay kÃ¨o cÄƒng qÃ¡ ae :)) NÃªn theo SGB hay Gam nhá»…, cÃ³ tÃ­ vá»‘n gáº­p thá»‡p DK DRX gá»¡ láº¡i U19 hqa thuiiğŸ¥³ğŸ¥³ğŸ¥³"
93,GÃ¢u gÃ¢u gÃ¢u mÃ¬nh tuá»•i tuáº¥t áº¡
94, m tuá»•i á»“n
95,"Há»£p vá»›i chá»‹ gÃ¡i cÃ´
Chá»‹ gÃ¡i cÃ´ sinh nÄƒm 1990 ğŸ˜‚"
96, cÃ¡ch nhau gáº§n 2 con giÃ¡p kÃ¬a :v
97,"Dáº¡ Ngá» nÃ¨ ChÃº Æ¡iğŸ˜…ğŸ˜…ğŸ˜…ğŸ˜…

Anh Æ¡i rÃ¡ng rÃ¡ng 10 nÄƒm ná»¯a nha ağŸ˜‚ğŸ˜‚ğŸ˜‚"
98, cá»« gÃ¬ Ã³ CÃ´ NağŸ¤ªğŸ¤ªğŸ¤ªğŸ¤ª
99, Ä‘áº©y thuyá»n cho Rá»‘t nha ğŸ¥°
100, dáº¡ gÃ¡ng gÃ¡ng 10 nÄƒm dc cÃ´ háº·mğŸ˜…ğŸ˜…ğŸ˜…ğŸ˜…
101,Kakaa nhiu cÃ´ cÆ°á»i con quÃ¡ con ngáº¡i
102,"ChÃ¡u nÃ³ cÃ³ chÆ¡i buÃª Ä‘uÃª ko nhá»‰, tuá»•i ngá» ráº¥t há»£p nha:)))"
103, tao biáº¿t ngay mÃ 
104," thÃ´i cháº¿t,lá»™ máº¥t rá»“i ğŸ¤£"
105," may tao chÆ°a bá»‹ m lÃ m gÃ¬ ;))
Eo sá»£ quÃ¡ sá»£ quÃ¡"
106," Ä‘ang Ä‘á»‹nh lÃ m thÃ¬ m cháº¡y máº¥t
Ko lÃ ....ğŸ˜ğŸ˜"
107, sang thÃ¡i Ä‘i vá» lÃ  nÃ³ ko bf Ä‘Ã¢u
108, nhÆ°ng chÆ°a cÃ³ tiá»n Ä‘á»ƒ Ä‘iğŸ¤£
109, rá»“i thÃ´ng lá»— Ä‘.i.t nhau Ã  ğŸ¤£
110, Ä‘áº·t lÃªn thá»›t tao giÃºp mÃ y loáº¡i bá» 50% trc
111,"Canh ngá» 1990 xin á»©ng tuyá»ƒn, tÃ¬nh nguyá»‡n cho bÃ© lÃ¡i mÃ¡y bay áº¡!"
112, H dÆ° sá»©c Ä‘áº» Ä‘c bÃ© lun Ä‘Ã³ H
113, máº¥y ngÆ°á»i ko chá»‹u cÆ°á»›i tui thÃ¬ tui pháº£i Ä‘á»ƒ dÃ nh sá»± trong tráº¯ng cá»§a mÃ¬nh cho gia Ä‘Ã¬nh tÃ i phiá»‡t Ä‘á»ƒ trá»Ÿ thÃ nh dÃ²ng dÃµi trÃ¢m anh tháº¿ phiá»‡t thÃ´i.
114," Ä‘ang Ä‘á»ƒ dÃ nh tiá»n, rÃ¡ng Ä‘á»£i Ä‘i"
115, Ä‘á»£i Ä‘Ã³!!!
116,ChÆ¡i bear deer khÃ´ng bÃ©
117, alo ad TrÃ­ ğŸ¤£ğŸ¤£ğŸ¤£
118,chá»‹ cÅ©ng tuá»•i ngá» Ã¡ =))) nma lÃ  ngá» nguáº­y
119, rá»§ áº»m báº¯n pubg báº¯n tháº¯ng iu luÃ´n
120, gÃ¡nh team thÃ¬ iu
121,ğŸ˜‚ chÃ¡u cÃ³ lÃ¡i mÃ¡y bay háº¡ng náº·ng khÃ´ng áº¡?
122," nÃ y lÃ 
mÃ¡y bay cá»• rá»“i ğŸ¥²"
123, ğŸ˜¥ anh em tháº¿ Ä‘áº¥y áº¡
124, nÃ y chÃ¡u pháº£i cÃ³ báº±ng lÃ¡i phi thuyá»n áº¥y chá»©. :v
125, ğŸ˜‚ tÃªn lá»­a lÃ  cÃ¹ng a áº¡
126, Æ¡ chá»‹ tuÃ´iğŸ¥²
127,"ChÃ¡u cÃ³ cháº¥p nháº­n Ngá» 90 khum, dÃ¬ cÃ³ nhiá»u báº¡n láº¯m ğŸ˜ŒğŸ˜ŒğŸ˜Œ"
128,Thy Huynh fan cá»©ng lun
129, hay Ä‘i dáº¡o m áº¡ :)))))
130, mÃ y Ä‘ang nÃ³i tao Ä‘Ãºng khum?
131, Ä‘Ãºng áº¡ :)))
132,Chá»‹ lÃ  ngá» giÃ  dc ko e ğŸ˜‚
133," Láº¥y con, nhÆ°ng láº¡i ngá»§ vá»›i bá»‘ ğŸ¤£"
134, háº£o hÃ¡n
135, Ä‘a táº¡ ğŸ¤£
136,Huyá»n dolla xin Ä‘c á»©ng tuyá»ƒn dÃ¹ chá»‰ hÆ¡n bÃ© 8 tá»§i :<
137,E nghÄ© tháº¿ nÃ o vá» giÃ¡p tuáº¥t 1994 cá»¥ thá»ƒ lÃ  chá»‹ - tuáº¥t xá»‹n- chÃ³ xá»‹n Ä‘Ã¢yyyy ğŸ˜‹
138," nguyá»‡t Æ¡i e xin c Ä‘áº¥y ğŸ˜‚
ChÃ¡n lÃ m bÃ  chá»§ rá»“i Ã "
139,"á»š, chá»‹ tuá»•i Ngá» nÃ y bÃ© Æ¡iğŸ˜€"
140, thÃ´i em áº¡ ğŸ¥²
141, thoii thoii a xin
142,Chá»‹ Ä‘Ã¢y em zai Æ¡i c tuá»•i Ngá» =))))
143, ng Ä‘Ã n bÃ  tham vá»ng
144,"Cho há»i cáº­u nhá» cÃ³ thÃ­ch trai ko
Tui cÅ©ng tuá»•i ngá» áº¡:))"
145, Ã´ng ngá»±a chá»© ngá» ji ğŸ˜‚ğŸ˜‚
146, xl vá»«a thÃ´i
147," gÃ¬ Ä‘áº¥y báº¡n
VÃ¬ Ä‘á»“ng tiá»n thÃ´i nÃ :))"
148,"Hi, MÃ¬nh tuá»•i tuáº¥t, in bá»‘c mÃ¬nh nha"
149, em k rá»§ thÃªm a  tá»§i Ngá» ná»¯a nÃ  ğŸ¤£
150, muÃ´n Ä‘Äƒng há»™ Ä‘á»‘i quÃ¡ áº¡ :))
151, in bá»‘c Ä‘á»ƒ bá»‘c lá»‹ch hay gÃ¬
152, Ä‘á» heo :))
153, seen
154,"Beo Æ¡i cÃ´ tuá»•i Tuáº¥t Ä‘Ã¢y, lÃ¡i mb khÃ´ng chÃ¡u :)))"
155, cÃ´ lÃ  tuáº¥t lai há»£i :))))
156, Æ¡ kÃ¬a ğŸ¤£ğŸ¤£ğŸ˜‚
157,Sao mn láº¡i á»Ÿ Ä‘Ã¢y :))
158, ChÃª :))
159, chÃ¡u láº¡y cÃ´
160,Má»i ngÆ°á»i lsao záº­y =))))
161,Tuá»•i Dáº­u Ä‘Æ°á»£c hÃ´ng :))
162,"NhÃ¢m Ngá» Ä‘Ã¢y, lÃ¡i lÃ  lÃ¡i lÃ  :(("
163, lÃ¡i Ä‘Ã² Ã ğŸ¤§
164,Dáº¡ chá»‹ lÃ  NGá»Œ Ä‘Ã¢y áº¡ hihi
165, a hÃ¹ng sáº¯p cÃ³ sá»«g
166, t á»©ng tuyá»ƒn nma Ä‘Ã£ Ä‘Æ°á»£c chá»n mÃ´ m
167, chÆ°a biáº¿t Ä‘c hay k chÆ¡ nghe mÃ¹i chÃ¡n a hÃ¹ng rá»“i Ä‘áº¡ nÃ 
168, nÃ³i ngÆ¡ ngÆ¡ haha
169,Ngá» dÆ¡ tay :))
170,Ã´ kÃ¬a con dÃ¢u á»Ÿ Ä‘Ã¢y mÃ  bá»‘ chá»“ng tuyá»ƒn con dÃ¢u linh tinh váº­y
171,Rá»“i ngá» thÃ¬ chá»‹ Ä‘Ã¢yyy
172, chÃª luÃ´n
173,chá»‹ Ä‘Ã¢yy em lÃ¡i chá»‹ Ä‘iii :)))))
174,tuá»•i tuá»‘t cÃ³ c Ä‘Ã¢y bÃ©
175,nghÄ© j nx tuá»•i tuáº¥t Ä‘Ã¢y ğŸ«¦
176, Ä‘á»«ng tháº¿ mÃ 
177,Ui em tuá»•i tuáº¥t nÃ y
178,BÃ¢y h yÃªu Ä‘Æ°Æ¡ng ko qtrong tuá»•i tÃ¡c em Æ¡i
179,connn bá»‘ Æ¡i
180,xin 1 slot
181," toaii tá»§i ngá», pá»t chÆ¡ chÆ°a bao h dá»… nhÆ° lÃºc lÃ yyyy b Æ¡i :â‚«))"
182, lm dÃ¢u phá»‘ nÃºi cÅ©ng há»£p lÃ½ Ä‘áº¥y
183,"nhiá»u ngÆ°á»i xáº¿p hÃ ng lÃ m con dÃ¢u chÃº
con Ä‘áº§u hÃ ng ğŸ™‹ğŸ»â€â™€ï¸"
184,hÆ¡n 3t thui váº«n cháº¥p nháº­n Ä‘Æ°á»£c=))
185, em cÃ³ tháº» há»™ nghÃ¨o em Ä‘i trÆ°á»›c
186, quao con dÃ¢u nhÃ  hÃ o mÃ´n
187,Con Æ¡i gÃ¡i nhÃ  cÃ´ 1014 oke ko con
188, cÃ´ á»©ng tuyá»ƒn luÃ´n kğŸ¤£
189, thÃ´i
190, chá»‹ cá»‘ thÃªm Ã­t ná»­a Ä‘i chá»‹.e tin chá»‹ o zeğŸ˜
191,Con e 2014 nha.giÃ¡p ngá» nÃ¨
192, muá»‘n Ä‘á»•i Ä‘á»i hÃ­n máº¹ ğŸ¤£
193, kkk Ä‘á»ƒ mh sáº¿p hÃ ng láº§n chá»© e
194,Cho em 1 suáº¥t á»©ng tuyá»ƒn áº¡
195,ChÃ o bá»‘ chá»“ng áº¡ ğŸ¥¹
196, mÃ¢m nÃ o cÅ©ng cÃ³ m
197, kÃ­m chÃ©n cÆ¡m mÃ  m kkk
198,Chá»‹ ko ngáº¡i Ä‘á»£i Ä‘Ã¢u chá»‹ tuá»•i ğŸğŸğŸğŸğŸ nha yÃªu ...
199,LÃ¡i mÃ¡y bay ko áº¡
200, nhá» má»›i lá»›n ğŸ¤£
201,anh cÆ°á»ng Ä‘á»ƒ emmmm
202,Con gÃ¡i cÃ´ 2018 ( tuá»•i Tuáº¥t nÃ¨) chá» con cÃ´ lá»›n nhÃ¡ ğŸ¤£
203,"2k10
MÃ  cÃ²n lÆ¡ns hÆ¡n cáº£ t"
204, nhÃ  giÃ u Äƒn nhiá»u thuá»‘c bá»• cÃ¡c thá»© lÃªn lá»›n trc tuá»•iğŸ¥²ğŸ¥²
205, haizz Ã´ng mua thuá»‘c bá»• cho tÃ´i Ä‘e
206, bá»‹ ysl háº£ tá»™i z
207, tháº¿ chá»‹u r
208, :))) báº¥t lá»±c ko
209,Máº¡nh dáº¡n xin á»©ng tuyá»ƒn :))
210,Con e 2010 a Æ¡i mÃ¬nh lÃ m thÃ´ng gia Ä‘Ãª
211,Tháº±ng em trai cá»§a con tuá»•i Ngá» nÃ¨ chÃº Æ¡iiiiii ğŸ˜Œ
212,Con Ä‘Ã¢y bá»‘ ck tÆ°Æ¡ng lai ğŸ˜‚
213, haiz Ä‘Ã n bÃ  váº«n qÃ¡ thá»±c dá»¥ng
214, thÃ  khÃ³c trÃªn 1 Ä‘á»‘ng tiá»n cÃ²n hÆ¡n dÃ£ k cÃ³ tiá»n cÃ²n bá»‹ nÃ³ Ä‘i vs con khÃ¡c a áº¡ . Thá»±c táº¿ a áº¡ ğŸ¤£
